<?xml version="1.0" encoding="UTF-8"?>
<project-private xmlns="http://www.netbeans.org/ns/project-private/1">
    <editor-bookmarks xmlns="http://www.netbeans.org/ns/editor-bookmarks/2" lastBookmarkId="0"/>
    <open-files xmlns="http://www.netbeans.org/ns/projectui-open-files/2">
        <group>
            <file>file:/C:/Users/User/Documents/NetBeansProjects/BorradorProyectoFinal2/src/Vista/MenuAgregarMoto.java</file>
            <file>file:/C:/Users/User/Documents/NetBeansProjects/BorradorProyectoFinal2/src/Controlador/ControladorCarro.java</file>
            <file>file:/C:/Users/User/Documents/NetBeansProjects/BorradorProyectoFinal2/src/Vista/MenuActualizarCarro.java</file>
            <file>file:/C:/Users/User/Documents/NetBeansProjects/BorradorProyectoFinal2/src/Vista/MenuReporteCamioneta.java</file>
            <file>file:/C:/Users/User/Documents/NetBeansProjects/BorradorProyectoFinal2/src/Principal/Principal.java</file>
            <file>file:/C:/Users/User/Documents/NetBeansProjects/BorradorProyectoFinal2/src/Vista/MenuReporteMoto.java</file>
            <file>file:/C:/Users/User/Documents/NetBeansProjects/BorradorProyectoFinal2/src/Vista/MenuReporteUsuario.java</file>
            <file>file:/C:/Users/User/Documents/NetBeansProjects/BorradorProyectoFinal2/src/Vista/MenuActualizarCamioneta.java</file>
            <file>file:/C:/Users/User/Documents/NetBeansProjects/BorradorProyectoFinal2/src/Vista/MenuEliminarCarro.java</file>
            <file>file:/C:/Users/User/Documents/NetBeansProjects/BorradorProyectoFinal2/src/Controlador/ControladorUsuario.java</file>
            <file>file:/C:/Users/User/Documents/NetBeansProjects/BorradorProyectoFinal2/src/Vista/MenuAgregarCamioneta.java</file>
            <file>file:/C:/Users/User/Documents/NetBeansProjects/BorradorProyectoFinal2/src/Modelo/Camioneta.java</file>
            <file>file:/C:/Users/User/Documents/NetBeansProjects/BorradorProyectoFinal2/src/Modelo/Carro.java</file>
            <file>file:/C:/Users/User/Documents/NetBeansProjects/BorradorProyectoFinal2/src/Modelo/Moto.java</file>
            <file>file:/C:/Users/User/Documents/NetBeansProjects/BorradorProyectoFinal2/src/Controlador/ControladorCamioneta.java</file>
            <file>file:/C:/Users/User/Documents/NetBeansProjects/BorradorProyectoFinal2/src/Vista/MenuActualizarUsuario.java</file>
            <file>file:/C:/Users/User/Documents/NetBeansProjects/BorradorProyectoFinal2/src/Vista/MenuEliminarUsuario.java</file>
            <file>file:/C:/Users/User/Documents/NetBeansProjects/BorradorProyectoFinal2/src/Vista/MenuReporteCarro.java</file>
            <file>file:/C:/Users/User/Documents/NetBeansProjects/BorradorProyectoFinal2/src/Principal.java</file>
            <file>file:/C:/Users/User/Documents/NetBeansProjects/BorradorProyectoFinal2/src/Controlador/ControladorMoto.java</file>
            <file>file:/C:/Users/User/Documents/NetBeansProjects/BorradorProyectoFinal2/src/Vista/MenuAgregarUsuario.java</file>
            <file>file:/C:/Users/User/Documents/NetBeansProjects/BorradorProyectoFinal2/src/Vista/MenuAgregarCarro.java</file>
            <file>file:/C:/Users/User/Documents/NetBeansProjects/BorradorProyectoFinal2/src/Modelo/Usuario.java</file>
            <file>file:/C:/Users/User/Documents/NetBeansProjects/BorradorProyectoFinal2/src/Vista/MenuActualizarMoto.java</file>
            <file>file:/C:/Users/User/Documents/NetBeansProjects/BorradorProyectoFinal2/src/Vista/MenuEliminarMoto.java</file>
            <file>file:/C:/Users/User/Documents/NetBeansProjects/BorradorProyectoFinal2/src/Vista/MenuEliminarCamioneta.java</file>
            <file>file:/C:/Users/User/Documents/NetBeansProjects/BorradorProyectoFinal2/src/Vista/PantallaPrincipal.java</file>
        </group>
    </open-files>
</project-private>
